candidate_id,name,current_role,skills,resume_text
Candidate_01,Aarav Sharma,Machine Learning Engineer,"Python; Machine Learning; Scikit-learn; Pandas; NumPy; NLP; SQL; Git; Statistics; Data Preprocessing; Feature Engineering; Model Evaluation; TensorFlow","Machine learning engineer with experience building classification and forecasting models. Developed NLP pipelines using Python and Scikit-learn. Worked with Pandas and NumPy for preprocessing and feature engineering, evaluated models using performance metrics, and used Git for collaborative development."
Candidate_02,Diya Patil,Data Scientist,"Python; Machine Learning; Pandas; NumPy; SQL; Statistics; Data Preprocessing; Feature Engineering; Model Evaluation; NLP; Git","Data scientist experienced in exploratory analysis, machine learning, data preprocessing, feature engineering and model evaluation. Built NLP classification models with Python and Scikit-learn and worked with SQL databases. Comfortable with Git and statistical analysis."
Candidate_03,Rohan Mehta,Software Engineer,"Python; SQL; Git; Pandas; NumPy; Machine Learning; Scikit-learn; Docker; AWS","Software engineer with Python development experience and exposure to machine learning. Built data processing pipelines with Pandas and NumPy, used Scikit-learn for predictive models, worked with SQL, Git, Docker and AWS."
Candidate_04,Ananya Kulkarni,NLP Engineer,"Python; NLP; Natural Language Processing; Machine Learning; Scikit-learn; Pandas; NumPy; Git; Statistics; Model Evaluation; TensorFlow","NLP engineer focused on text classification, information extraction and natural language processing. Developed machine learning pipelines with Python, Scikit-learn, Pandas and NumPy. Experienced in model evaluation, statistics and Git."
Candidate_05,Vikram Singh,Data Analyst,"Python; SQL; Pandas; NumPy; Statistics; Data Preprocessing; Git; AWS","Data analyst with strong SQL and Python skills. Experienced in data cleaning, preprocessing, statistical analysis and reporting. Uses Pandas and NumPy for data preparation and Git for version control."
Candidate_06,Meera Joshi,ML Intern,"Python; Machine Learning; Scikit-learn; Pandas; NumPy; NLP; Data Preprocessing; Feature Engineering; Model Evaluation; Git","Machine learning intern who developed supervised learning projects using Python and Scikit-learn. Worked on NLP text classification, preprocessing, feature engineering and model evaluation. Familiar with Pandas, NumPy and Git."
Candidate_07,Kabir Deshmukh,AI Engineer,"Python; Machine Learning; NLP; Scikit-learn; Pandas; NumPy; TensorFlow; PyTorch; Docker; AWS; Git; Feature Engineering; Model Evaluation","AI engineer experienced in machine learning and NLP systems. Built models using Scikit-learn, TensorFlow and PyTorch. Worked with Python, Pandas, NumPy, feature engineering and model evaluation. Deployed experiments using Docker and AWS."
Candidate_08,Isha Shah,Backend Developer,"Python; SQL; Git; Docker; AWS; Pandas; NumPy","Backend developer with Python and SQL experience. Built APIs and data services, used Git, Docker and AWS, and worked with Pandas and NumPy for data processing. Interested in moving into machine learning engineering."
Candidate_09,Neel Verma,Junior Data Scientist,"Python; Machine Learning; Pandas; NumPy; Scikit-learn; SQL; Statistics; Feature Engineering; Model Evaluation; Git","Junior data scientist with experience in supervised machine learning, statistical analysis and predictive modeling. Uses Python, Pandas, NumPy and Scikit-learn for data preprocessing, feature engineering and model evaluation. Comfortable with SQL and Git."
Candidate_10,Sara Khan,NLP Developer,"Python; NLP; Machine Learning; Scikit-learn; SQL; Pandas; Git; Statistics; Data Preprocessing","NLP developer working on text classification and language processing projects. Experienced with Python, Scikit-learn, Pandas, SQL and Git. Applies data preprocessing and statistical methods to build and evaluate machine learning solutions."
Candidate_11,Aditya Rao,Cloud Data Engineer,"Python; SQL; AWS; Docker; Git; Pandas; NumPy; Data Preprocessing","Cloud data engineer experienced in Python, SQL and AWS. Builds data pipelines, cleans datasets and uses Pandas and NumPy. Familiar with Docker and Git, with limited hands-on machine learning experience."
Candidate_12,Nisha Gupta,Research Assistant,"Python; Statistics; Machine Learning; NLP; Pandas; NumPy; Scikit-learn; Feature Engineering; Model Evaluation","Research assistant working on machine learning experiments and NLP research. Strong background in Python, statistics, data preprocessing, feature engineering and model evaluation using Scikit-learn, Pandas and NumPy."
Candidate_13,Rahul More,ML Developer,"Python; Machine Learning; Scikit-learn; Pandas; NumPy; SQL; Git; Data Preprocessing; Feature Engineering; Model Evaluation; Docker","ML developer who builds predictive models and data preprocessing pipelines in Python. Experienced with Scikit-learn, Pandas, NumPy, SQL, Git, feature engineering and model evaluation. Has used Docker for development environments."
Candidate_14,Pooja Nair,Data Engineer,"Python; SQL; Pandas; NumPy; AWS; Git; Docker; Statistics","Data engineer experienced in Python and SQL, data transformation and cloud workflows. Uses Pandas and NumPy and works with AWS, Docker and Git. Strong analytical and statistical foundation but limited NLP experience."
Candidate_15,Yash Joshi,AI/ML Fresher,"Python; Machine Learning; Scikit-learn; Pandas; NumPy; NLP; SQL; Git; Data Preprocessing; Feature Engineering","Recent graduate with academic projects in machine learning and NLP. Built classification models using Python and Scikit-learn and worked on preprocessing, feature engineering and text analysis. Familiar with SQL, Pandas, NumPy and Git."
