rank,candidate_id,name,current_role,fit_score,text_similarity,skill_coverage,matched_required_skills,missing_required_skills
1,Candidate_01,Aarav Sharma,Machine Learning Engineer,51.256774638207915,0.3366352420842889,0.9230769230769231,"Python, Machine Learning, Scikit-learn, Pandas, NumPy, NLP, SQL, Git, Statistics, Data Preprocessing, Feature Engineering, Model Evaluation",Natural Language Processing
2,Candidate_04,Ananya Kulkarni,NLP Engineer,50.94026321267652,0.3980477162250492,0.7692307692307693,"Python, Machine Learning, Scikit-learn, Pandas, NumPy, NLP, Natural Language Processing, Git, Statistics, Model Evaluation","SQL, Data Preprocessing, Feature Engineering"
3,Candidate_02,Diya Patil,Data Scientist,47.052573566088604,0.2765752267682988,0.9230769230769231,"Python, Machine Learning, Scikit-learn, Pandas, NumPy, NLP, SQL, Git, Statistics, Data Preprocessing, Feature Engineering, Model Evaluation",Natural Language Processing
4,Candidate_06,Meera Joshi,ML Intern,44.2392781178905,0.30231935772810603,0.7692307692307693,"Python, Machine Learning, Scikit-learn, Pandas, NumPy, NLP, Git, Data Preprocessing, Feature Engineering, Model Evaluation","Natural Language Processing, SQL, Statistics"
5,Candidate_10,Sara Khan,NLP Developer,42.9680627662242,0.3171261713856205,0.6923076923076923,"Python, Machine Learning, Scikit-learn, Pandas, NLP, SQL, Git, Statistics, Data Preprocessing","NumPy, Natural Language Processing, Feature Engineering, Model Evaluation"
6,Candidate_07,Kabir Deshmukh,AI Engineer,42.023601940998255,0.30363387388239277,0.6923076923076923,"Python, Machine Learning, Scikit-learn, Pandas, NumPy, NLP, Git, Feature Engineering, Model Evaluation","Natural Language Processing, SQL, Statistics, Data Preprocessing"
7,Candidate_09,Neel Verma,Junior Data Scientist,41.58473258316368,0.231430245693547,0.8461538461538461,"Python, Machine Learning, Scikit-learn, Pandas, NumPy, SQL, Git, Statistics, Data Preprocessing, Feature Engineering, Model Evaluation","NLP, Natural Language Processing"
8,Candidate_13,Rahul More,ML Developer,40.03065090336589,0.2421961118063259,0.7692307692307693,"Python, Machine Learning, Scikit-learn, Pandas, NumPy, SQL, Git, Data Preprocessing, Feature Engineering, Model Evaluation","NLP, Natural Language Processing, Statistics"
9,Candidate_12,Nisha Gupta,Research Assistant,39.930786011895925,0.24076947049961211,0.7692307692307693,"Python, Machine Learning, Scikit-learn, Pandas, NumPy, NLP, Statistics, Data Preprocessing, Feature Engineering, Model Evaluation","Natural Language Processing, SQL, Git"
10,Candidate_15,Yash Joshi,AI/ML Fresher,39.730381935135384,0.23790655511731867,0.7692307692307693,"Python, Machine Learning, Scikit-learn, Pandas, NumPy, NLP, SQL, Git, Data Preprocessing, Feature Engineering","Natural Language Processing, Statistics, Model Evaluation"
11,Candidate_03,Rohan Mehta,Software Engineer,29.333491451628134,0.18828064711117126,0.5384615384615384,"Python, Machine Learning, Scikit-learn, Pandas, NumPy, SQL, Git","NLP, Natural Language Processing, Statistics, Data Preprocessing, Feature Engineering, Model Evaluation"
12,Candidate_11,Aditya Rao,Cloud Data Engineer,24.350022906627267,0.11708823932544453,0.5384615384615384,"Python, Machine Learning, Pandas, NumPy, SQL, Git, Data Preprocessing","Scikit-learn, NLP, Natural Language Processing, Statistics, Feature Engineering, Model Evaluation"
13,Candidate_05,Vikram Singh,Data Analyst,23.151322083538968,0.09996394185275448,0.5384615384615384,"Python, Pandas, NumPy, SQL, Git, Statistics, Data Preprocessing","Machine Learning, Scikit-learn, NLP, Natural Language Processing, Feature Engineering, Model Evaluation"
14,Candidate_14,Pooja Nair,Data Engineer,22.77765011651929,0.09462577089533052,0.5384615384615384,"Python, Pandas, NumPy, NLP, SQL, Git, Statistics","Machine Learning, Scikit-learn, Natural Language Processing, Data Preprocessing, Feature Engineering, Model Evaluation"
15,Candidate_08,Isha Shah,Backend Developer,22.468918957201645,0.12318235872925423,0.46153846153846156,"Python, Machine Learning, Pandas, NumPy, SQL, Git","Scikit-learn, NLP, Natural Language Processing, Statistics, Data Preprocessing, Feature Engineering, Model Evaluation"
